id,titulo,accion,comedia,drama,scifi,terror,romance,rating,es_serie
1,Ecos del océano: Parte II,0,1,1,0,0,1,7.2,1
2,Luz del paraíso caótico,1,1,0,1,0,1,9.3,1
3,El juicio de la noche: Parte I,1,0,1,0,1,1,7.9,0
4,El destino de la noche perdido,0,1,0,0,0,0,4.0,1
5,Luz del desierto olvidado,0,1,1,0,1,0,7.2,1
6,El despertar olvidado,0,0,0,0,0,0,4.9,1
7,El misterio del olvido imposible,0,1,1,0,1,0,4.9,0
8,La leyenda de la corona: Parte II,0,1,0,0,0,0,7.3,1
9,El precio de la venganza,0,0,0,0,0,1,5.6,1
10,Lágrimas del infierno oculto,0,1,0,0,0,0,8.2,1
11,Las voces del paraíso inmortal,0,1,0,1,1,1,9.2,0
12,Cazadores del tiempo,0,1,1,0,1,0,9.7,0
13,El código del mañana: Parte I,0,0,0,0,1,1,6.9,0
14,La leyenda del pasado silencioso,0,1,0,0,1,0,7.4,1
15,El secreto prohibido,1,1,0,0,0,0,6.3,1
16,El juicio oscuro,0,0,1,0,0,0,3.3,1
17,El secreto del océano: Parte II,0,0,0,0,0,1,8.5,0
18,Ángeles del imperio: Parte I,0,1,1,0,0,1,8.7,0
19,La leyenda de la corona inmortal,1,1,0,0,0,0,3.3,1
20,El imperio del dragón,1,0,0,0,0,0,9.1,1
21,Cazadores del mañana: Parte II,0,1,1,0,0,0,9.2,0
22,El último siniestro,0,1,0,0,0,0,6.1,1
23,El regreso de la selva inmortal,0,0,1,0,0,0,8.6,1
24,La búsqueda fantasma,0,1,1,0,0,1,5.6,1
25,Crónicas salvaje,0,0,0,0,0,0,7.4,1
26,El precio de la libertad: Parte IV,0,1,1,0,0,0,9.4,1
27,El imperio de la noche sagrado,1,1,0,0,0,0,3.9,1
28,Pacto vengador,1,1,0,1,0,0,5.5,0
29,Ecos del dragón vengador,1,0,1,0,0,0,3.8,0
30,Ángeles del paraíso: Parte II,1,0,1,1,1,1,4.6,1
31,Lágrimas de un extraño invisible,0,1,0,0,0,0,9.3,1
32,Frontera de cristal: Parte II,0,1,1,0,1,0,9.3,1
33,Operación de la verdad,0,0,1,0,0,0,4.6,1
34,Las voces del océano: Parte I,1,0,0,0,1,0,4.1,0
35,Luz del imperio oscuro,0,0,0,0,0,1,4.8,1
36,La leyenda del mañana,1,1,0,0,0,1,5.9,1
37,El despertar perdido,0,1,0,0,0,0,5.0,0
38,El precio de la noche ancestral,1,1,0,1,0,0,7.1,1
39,Luz del infierno: Parte IV,0,0,0,0,1,0,7.7,0
40,Cazadores del océano secreto,0,1,1,1,0,1,6.1,1
41,La rebelión de la verdad supremo,1,1,1,0,0,0,5.2,0
42,El misterio del mañana ancestral,1,1,0,0,1,0,5.9,0
43,Ecos oscuro,1,1,1,0,1,0,6.8,0
44,El destino de las estrellas,0,1,0,1,0,1,5.0,0
45,La leyenda del dragón: Parte III,0,1,1,0,1,0,6.1,1
46,Luz del infierno,0,0,0,1,1,0,5.1,0
47,Ángeles de sangre: Parte IV,0,0,0,0,0,0,4.5,0
48,El misterio de un extraño: Parte II,1,1,0,0,1,0,4.6,1
49,Pacto del tiempo: Parte IV,1,1,1,0,1,1,8.5,1
50,La sombra del laberinto secreto,0,0,0,0,1,0,9.2,0
51,El secreto del infierno,1,0,0,0,0,1,6.7,0
52,El precio del héroe olvidado,0,0,0,0,0,0,8.9,0
53,Las voces caótico,0,1,0,0,0,1,7.4,0
54,Camino del paraíso supremo,0,1,0,0,0,1,9.3,0
55,Ángeles dorado,0,0,1,0,0,0,6.1,0
56,La rebelión del pasado: Parte II,0,0,1,0,1,0,8.7,0
57,El misterio del desierto,1,0,1,0,0,0,4.1,1
58,El despertar secreto,0,1,0,0,0,0,3.7,0
59,Cazadores del mañana silencioso,0,1,1,0,0,1,3.9,1
60,El juicio del mañana,1,0,1,0,0,0,3.3,0
61,El regreso de un extraño,0,0,1,0,0,0,4.2,0
62,Camino de cristal,1,0,0,1,0,0,6.4,1
63,El regreso del infierno olvidado,0,0,0,0,0,0,4.2,0
64,Ecos del mañana final,0,1,0,1,0,0,7.1,0
65,Ángeles del abismo imposible,1,0,0,0,0,1,5.4,0
66,Las voces de un extraño caótico,0,1,1,0,0,0,3.1,1
67,Cazadores del mañana: Parte III,0,1,1,1,0,0,3.8,1
68,El regreso de la verdad,0,1,1,0,0,1,6.7,1
69,La rebelión de cristal fantasma,0,0,0,1,0,0,5.5,1
70,Operación de cristal: Parte IV,1,1,0,1,0,1,9.6,0
71,El imperio de las estrellas urbano,0,1,0,0,0,1,5.9,1
72,Frontera del dragón: Parte IV,0,0,0,0,0,0,3.7,1
73,Las voces del héroe profundo,0,1,0,0,1,1,4.2,1
74,Crónicas supremo,0,1,1,0,0,0,6.8,0
75,El código perdido,1,0,1,0,0,1,4.6,0
76,Camino de sangre: Parte III,0,0,1,0,0,1,7.1,0
77,Operación de un extraño prohibido,0,1,0,0,0,0,6.4,1
78,Las voces del olvido: Parte II,0,1,1,0,0,0,6.5,1
79,El juicio de la selva ancestral,0,1,0,0,1,0,3.1,0
80,Camino de la justicia: Parte I,0,0,0,0,0,0,6.7,1
81,Ángeles de sangre: Parte III,1,1,1,0,0,0,4.5,1
82,El código de la corona urbano,0,0,1,0,0,1,7.9,0
83,El código del olvido: Parte I,0,0,0,0,0,0,8.9,0
84,Crónicas del abismo profundo,0,1,1,0,0,0,4.4,0
85,El último del mañana: Parte II,0,0,0,1,0,0,6.4,0
86,El misterio del paraíso profundo,0,1,0,0,0,0,5.0,1
87,La leyenda invisible,1,0,0,1,0,1,6.6,1
88,El precio del océano dorado,0,0,1,0,1,0,5.8,1
89,El imperio de la noche ancestral,1,0,1,1,0,0,5.4,0
90,Luz ancestral,1,0,0,0,0,0,5.3,1
91,El código del héroe: Parte III,1,1,1,0,0,0,8.8,0
92,Lágrimas oscuro,0,0,0,1,0,0,4.6,0
93,La rebelión del infierno supremo,0,1,1,0,0,0,6.3,0
94,Camino siniestro,1,0,1,1,0,1,4.4,0
95,La sombra de la verdad,0,0,1,0,0,0,3.5,0
96,El regreso del tiempo final,1,1,0,1,1,0,8.9,1
97,Camino de la noche: Parte I,0,1,0,1,0,0,4.1,1
98,Luz profundo,0,1,1,0,0,0,3.7,1
99,La leyenda perdido,0,0,1,1,0,0,7.7,0
100,Lágrimas de la verdad,1,0,0,1,0,0,4.9,1
101,Camino inmortal,0,0,1,0,0,1,7.2,0
102,La búsqueda de la noche: Parte II,1,0,1,1,0,1,3.6,1
103,Frontera del olvido,1,1,0,1,1,0,6.6,0
104,La rebelión perdido,0,0,1,0,0,1,7.3,1
105,El misterio del héroe prohibido,1,0,1,1,0,0,6.4,1
106,Camino de sangre: Parte IV,0,0,0,0,0,1,6.2,0
107,Pacto supremo,0,0,0,1,0,0,4.2,0
108,Ecos de la justicia: Parte II,0,0,1,0,0,1,3.1,0
109,Las voces del laberinto,0,1,0,0,0,0,8.6,0
110,El código del mañana: Parte II,0,1,0,0,0,0,3.7,1
111,El último de la justicia: Parte II,1,1,1,0,0,1,7.3,0
112,El imperio olvidado,0,1,0,0,1,0,7.4,1
113,El regreso profundo,0,0,0,0,0,0,7.4,0
114,Cazadores oscuro,0,1,1,0,1,0,8.8,1
115,Cazadores del tiempo: Parte IV,0,0,1,1,0,0,8.9,0
116,La búsqueda del traidor: Parte IV,1,1,1,0,0,0,5.7,1
117,La búsqueda del pasado,1,0,0,0,1,1,7.1,0
118,Frontera del mañana,0,1,0,0,0,1,7.8,0
119,Crónicas del pasado,1,1,0,0,0,0,5.8,0
120,El último de cristal invisible,0,1,0,0,0,0,4.8,1
121,Camino supremo,0,0,1,0,0,0,7.6,0
122,La rebelión de la libertad: Parte II,0,0,1,0,0,0,7.5,0
123,Crónicas final,0,0,0,1,0,0,7.7,0
124,El regreso urbano,0,1,0,0,0,0,4.3,0
125,Ángeles de la libertad vengador,0,0,0,1,0,1,7.7,0
126,El juicio ancestral,0,0,0,0,0,0,6.4,0
127,Camino del océano: Parte II,0,1,1,1,0,1,6.5,1
128,Frontera de la libertad salvaje,0,1,1,0,1,0,6.4,0
129,Luz de sangre,1,0,1,1,0,0,8.9,1
130,Ángeles de un extraño,0,0,0,0,1,1,7.9,0
131,El destino del océano: Parte I,0,0,0,0,0,0,4.7,0
132,Luz del desierto,1,1,0,0,0,0,7.3,0
133,Cazadores de la corona,0,1,1,0,0,0,6.2,0
134,El destino del abismo supremo,0,0,1,1,0,1,9.2,0
135,El despertar de la noche: Parte III,1,1,1,0,0,0,3.7,0
136,Camino del océano: Parte III,0,0,0,0,0,0,4.7,0
137,Las voces del imperio: Parte I,0,0,0,1,0,1,7.6,0
138,El juicio del pasado sagrado,1,0,0,0,1,0,8.3,1
139,Cazadores del laberinto,0,0,1,0,0,0,8.1,0
140,El secreto de la venganza,1,1,1,1,0,0,8.1,1
141,La búsqueda profundo,1,1,1,0,0,1,7.7,0
142,Luz de la venganza: Parte II,0,0,0,0,0,0,9.2,1
143,Camino de la selva,0,0,0,0,0,0,7.7,0
144,Lágrimas del tiempo: Parte IV,0,1,1,0,0,0,3.9,1
145,El despertar de la corona vengador,1,1,0,0,0,1,5.6,1
146,El secreto del pasado: Parte IV,1,1,0,0,0,0,9.7,1
147,La rebelión del infierno mortal,0,0,1,0,0,1,4.1,1
148,Operación de la venganza olvidado,0,0,1,0,0,0,5.1,1
149,La sombra de sangre,0,0,1,0,0,0,4.0,1
150,Luz absoluto,0,0,0,0,0,0,6.2,1
151,La leyenda de cristal: Parte IV,0,1,1,1,1,0,3.1,0
152,Pacto del mañana,0,1,1,0,0,0,6.1,0
153,El misterio del paraíso,1,0,1,0,0,0,8.9,0
154,La sombra del traidor: Parte I,1,0,1,0,0,0,3.6,0
155,El código invisible,0,1,1,1,0,0,4.6,0
156,Camino ancestral,0,0,1,0,1,1,8.1,1
157,Lágrimas salvaje,0,0,0,0,0,0,6.2,0
158,La búsqueda de la corona absoluto,0,0,1,0,0,0,6.3,1
159,El secreto inmortal,1,0,0,1,0,0,8.6,0
160,El despertar del paraíso: Parte I,0,0,0,0,0,1,7.3,0
161,El misterio de la selva,0,1,1,0,0,0,4.3,1
162,El precio salvaje,0,0,0,0,0,0,3.7,0
163,Pacto de la libertad,0,1,0,0,0,0,4.7,0
164,La sombra vengador,0,1,1,0,0,0,7.9,1
165,El precio del olvido,1,0,1,1,1,1,7.5,1
166,Luz de la libertad: Parte IV,0,1,0,0,0,0,7.2,0
167,La rebelión caótico,0,0,1,0,0,1,5.2,0
168,Camino de un extraño,0,1,0,0,0,1,3.4,0
169,El misterio oscuro,0,0,0,0,0,0,9.3,0
170,El imperio imposible,1,1,1,0,0,0,5.0,0
171,La rebelión de la verdad invisible,0,1,1,0,0,0,3.5,0
172,El último del infierno: Parte I,1,0,1,0,0,0,4.2,0
173,El secreto del héroe invisible,0,1,0,1,0,0,3.2,1
174,La sombra de la justicia,0,0,1,1,0,0,5.1,1
175,El secreto de sangre vengador,0,1,0,0,0,0,5.6,0
176,Frontera profundo,0,0,0,1,0,0,5.3,0
177,El destino del héroe,0,0,1,1,0,0,8.8,1
178,Cazadores eterno,1,0,0,0,0,0,9.5,0
179,El destino de un extraño: Parte III,0,1,1,0,0,0,4.2,1
180,El imperio sagrado,1,1,0,0,1,0,5.9,1
181,Frontera urbano,0,0,0,0,1,0,6.5,1
182,Luz de las estrellas,1,0,0,1,0,0,5.9,0
183,El precio invisible,0,0,1,0,0,0,7.1,0
184,La leyenda del océano,1,0,0,0,0,0,8.9,1
185,Ecos del olvido urbano,1,0,1,0,0,1,6.4,0
186,Operación del abismo,0,0,1,0,0,0,3.7,1
187,Ecos del laberinto: Parte IV,1,0,1,0,0,1,6.5,0
188,El precio de sangre: Parte I,0,1,0,0,0,0,3.0,1
189,El misterio del dragón,1,0,0,0,0,0,6.3,0
190,El juicio del pasado: Parte I,0,0,0,0,0,0,6.9,0
191,La búsqueda del pasado fantasma,1,1,1,0,0,0,8.0,1
192,La búsqueda del infierno: Parte III,0,0,1,0,0,1,7.9,1
193,Camino de la venganza caótico,0,0,1,0,0,0,5.8,0
194,Lágrimas del dragón,1,0,1,1,0,0,5.3,1
195,Ángeles supremo,0,1,0,1,1,0,5.7,0
196,La sombra de cristal profundo,0,1,0,0,0,0,7.6,0
197,El secreto del olvido invisible,1,1,1,0,1,0,5.8,1
198,Luz secreto,0,0,0,0,0,0,8.4,0
199,La sombra del abismo: Parte I,0,0,0,0,0,0,5.1,1
200,Cazadores de sangre,0,0,1,0,0,0,8.6,1
201,El juicio del héroe: Parte II,0,1,1,0,0,0,9.7,1
202,Crónicas del pasado profundo,1,0,1,0,1,0,7.3,1
203,Crónicas del mañana: Parte I,0,0,0,0,0,0,6.5,0
204,Ecos de la noche: Parte IV,1,0,0,0,0,0,3.3,1
205,La leyenda del dragón: Parte IV,1,0,1,0,0,1,3.4,1
206,Pacto del olvido,0,1,0,0,0,1,8.2,1
207,El misterio del pasado,1,0,0,0,0,1,6.9,1
208,Luz del océano dorado,0,1,1,0,0,0,8.7,0
209,Crónicas de la corona: Parte III,0,0,0,0,0,0,3.6,0
210,El regreso del paraíso secreto,1,1,0,0,1,0,4.9,0
211,El regreso del olvido: Parte II,1,0,0,0,1,0,4.6,0
212,El regreso del pasado,0,0,0,0,0,0,8.3,1
213,Crónicas del laberinto: Parte IV,0,0,0,0,0,0,5.2,0
214,Crónicas del dragón: Parte II,0,0,1,1,1,0,8.5,1
215,El código del desierto olvidado,1,0,0,1,0,0,6.2,1
216,El regreso del desierto oscuro,0,0,1,1,0,0,8.4,0
217,Lágrimas del infierno: Parte III,1,0,0,0,0,0,5.3,0
218,Cazadores del abismo: Parte IV,1,0,1,0,0,0,4.0,0
219,Ecos de cristal,0,1,0,0,0,0,8.5,0
220,El juicio del tiempo,0,0,1,0,0,0,5.1,0
221,Ecos del imperio,1,1,0,0,1,0,7.4,0
222,El precio de la noche: Parte II,0,0,1,0,0,1,6.0,1
223,El misterio del abismo,0,1,0,0,0,0,3.9,0
224,El precio dorado,0,1,1,1,1,1,3.7,0
225,El regreso secreto,1,1,0,0,0,0,3.8,1
226,Lágrimas del olvido,1,1,1,1,0,1,3.0,0
227,El precio secreto,1,0,1,0,0,1,3.6,1
228,Lágrimas del olvido: Parte I,1,0,1,1,1,0,3.6,0
229,El secreto ancestral,0,0,0,0,1,1,3.2,1
230,El código de la venganza oscuro,0,1,0,1,0,0,6.9,1
231,Las voces oscuro,1,1,0,1,0,0,8.7,0
232,La rebelión del abismo inmortal,0,0,1,1,0,0,9.1,0
233,El destino del dragón,0,0,1,0,0,1,9.1,1
234,El último de la corona ancestral,0,0,1,0,0,0,8.1,1
235,Luz de la libertad supremo,0,1,1,1,0,1,4.4,1
236,Luz de la noche inmortal,1,0,0,0,0,0,7.6,1
237,El regreso del mañana: Parte II,0,1,1,1,1,0,9.7,0
238,El misterio de sangre perdido,0,1,1,1,1,0,9.5,1
239,Crónicas imposible,1,0,0,0,0,0,5.0,0
240,La búsqueda de las estrellas: Parte I,0,1,0,1,0,0,3.6,1
241,Lágrimas fantasma,0,1,0,0,0,0,4.3,0
242,Frontera de la libertad,0,1,1,1,0,1,4.9,0
243,Pacto del océano: Parte I,0,0,0,0,0,0,5.4,0
244,La rebelión del tiempo,1,1,1,0,0,0,4.7,0
245,La leyenda del paraíso: Parte IV,1,0,1,0,0,1,4.9,1
246,Cazadores supremo,0,0,1,0,0,1,6.6,0
247,El juicio de las estrellas silencioso,1,1,1,0,0,0,4.2,1
248,Operación del infierno: Parte I,0,0,0,0,0,0,8.4,1
249,Camino de sangre vengador,0,0,1,0,0,0,5.5,1
250,El último del océano: Parte IV,0,1,1,0,0,0,8.9,0
251,El juicio caótico,0,0,0,0,0,0,6.5,1
252,Operación vengador,0,0,0,1,0,0,8.8,1
253,El juicio del abismo: Parte I,0,0,0,0,0,0,3.3,0
254,El misterio de las estrellas secreto,1,0,0,0,0,0,9.4,1
255,Camino del mañana prohibido,1,0,1,0,0,1,3.1,0
256,Ángeles vengador,0,0,0,0,1,0,4.0,0
257,Camino del abismo: Parte III,0,0,1,0,0,0,6.1,0
258,Ángeles del abismo,1,0,0,0,0,0,4.6,0
259,El regreso ancestral,1,0,0,0,0,0,4.9,0
260,Ángeles sagrado,0,0,0,0,0,1,6.6,0
261,Crónicas mortal,0,0,1,0,0,0,5.8,0
262,La leyenda de la verdad absoluto,1,1,1,0,0,1,8.2,0
263,El juicio de cristal secreto,1,0,1,0,0,0,5.8,0
264,El último del imperio: Parte II,0,0,0,0,0,0,5.7,0
265,Operación secreto,0,1,1,0,1,0,6.7,1
266,Crónicas de un extraño salvaje,0,0,1,0,0,0,8.6,0
267,El código prohibido,1,1,1,0,0,0,9.2,0
268,El último de la libertad caótico,0,0,1,0,0,0,7.7,1
269,El secreto de sangre,0,0,1,0,0,0,3.1,0
270,Crónicas del laberinto absoluto,1,0,1,0,0,1,3.9,1
271,Crónicas del tiempo oscuro,1,1,0,0,0,0,4.9,1
272,El regreso del traidor,0,0,1,0,0,0,6.0,1
273,El regreso del pasado invisible,1,1,0,0,1,0,8.4,0
274,Pacto del traidor invisible,0,1,0,0,0,1,7.0,1
275,El destino de la corona,1,0,0,0,1,0,8.1,1
276,La rebelión del océano: Parte II,0,0,1,0,0,0,3.7,0
277,El código de la verdad: Parte IV,1,1,0,0,0,0,4.6,0
278,El regreso de un extraño: Parte IV,1,1,0,0,0,0,6.0,0
279,El destino del héroe: Parte I,0,1,1,0,0,0,7.6,1
280,La rebelión de la justicia: Parte I,0,0,1,1,1,0,6.7,0
281,La sombra de la noche: Parte III,1,0,1,1,0,1,6.7,1
282,La rebelión supremo,0,0,0,0,0,0,9.0,0
283,Frontera de sangre,0,1,1,1,0,0,6.2,1
284,El despertar del héroe perdido,1,0,1,0,0,0,4.1,1
285,La búsqueda de un extraño: Parte IV,0,1,0,1,0,0,4.5,0
286,El regreso olvidado,0,1,0,0,0,0,4.3,1
287,La rebelión de la venganza,0,1,1,0,1,0,6.4,0
288,El regreso de la corona,0,0,0,1,0,1,7.6,0
289,El destino ancestral,0,0,0,0,0,0,5.9,0
290,La leyenda ancestral,0,1,1,1,0,0,3.8,1
291,Cazadores de un extraño: Parte IV,0,1,1,0,0,0,9.3,0
292,El destino de la noche,0,1,0,0,0,1,5.3,0
293,La rebelión del abismo invisible,0,0,1,0,0,0,7.5,1
294,El juicio del océano eterno,0,0,1,0,0,0,4.2,0
295,La rebelión imposible,0,1,0,0,0,0,7.7,0
296,El destino prohibido,0,1,1,0,0,0,5.8,0
297,El último de sangre prohibido,0,0,0,0,1,0,9.7,1
298,La sombra eterno,0,0,1,0,0,0,8.9,1
299,El destino secreto,1,0,0,0,0,0,7.5,1
300,El juicio de la verdad oscuro,1,0,0,1,0,0,3.1,1
301,El precio del imperio: Parte IV,0,0,1,0,0,1,8.1,0
302,La sombra de un extraño,1,0,0,0,0,1,7.4,0
303,El precio del infierno vengador,1,0,1,0,1,0,3.6,1
304,Camino del mañana: Parte I,0,0,1,0,0,0,4.2,0
305,Cazadores de la venganza olvidado,0,0,0,0,0,0,5.1,0
306,La rebelión del océano profundo,0,0,0,0,0,0,7.9,1
307,La rebelión del pasado,0,1,1,0,0,1,5.2,0
308,La rebelión de la selva: Parte II,1,0,1,0,0,0,7.0,1
309,La leyenda de cristal: Parte I,0,0,0,0,0,0,7.8,0
310,El despertar salvaje,0,0,0,0,0,0,3.7,0
311,El misterio del paraíso: Parte III,1,1,1,0,0,0,9.1,1
312,Ecos de la selva,0,0,1,1,0,0,3.1,0
313,Camino de las estrellas,1,1,1,1,0,0,3.8,0
314,Cazadores de la justicia final,0,0,0,1,0,1,8.2,1
315,Camino de la selva dorado,0,1,1,0,0,1,6.6,0
316,Pacto de la venganza fantasma,1,0,0,0,0,0,8.7,1
317,La leyenda fantasma,0,0,0,0,0,0,5.4,0
318,Luz perdido,0,0,1,0,0,0,8.7,0
319,Ecos del olvido oculto,0,1,1,0,0,0,8.8,0
320,El despertar de la venganza dorado,1,0,1,0,0,0,4.9,0
321,Ecos de la justicia: Parte I,1,1,1,1,0,0,8.7,0
322,Lágrimas del dragón ancestral,0,0,1,0,0,0,6.2,0
323,La leyenda de la libertad secreto,0,1,1,0,0,1,9.2,0
324,Pacto del abismo invisible,1,0,1,0,0,0,6.3,0
325,La sombra del desierto: Parte III,1,1,1,0,0,0,3.3,1
326,El imperio final,1,1,1,0,0,1,7.7,0
327,La rebelión de un extraño: Parte I,1,0,0,1,0,0,6.8,0
328,El juicio del laberinto: Parte I,0,1,1,1,0,0,4.1,1
329,El despertar del abismo inmortal,0,1,0,0,0,1,8.9,0
330,El destino inmortal,0,1,0,0,0,0,8.5,1
331,La sombra del olvido prohibido,1,0,0,1,0,0,6.8,0
332,Ángeles de las estrellas mortal,1,1,1,0,0,0,6.0,1
333,Ángeles final,1,0,0,0,0,0,5.8,1
334,La leyenda de la corona: Parte III,1,1,0,0,0,0,8.9,1
335,El precio de cristal final,0,0,0,0,0,0,8.4,0
336,El destino de la libertad olvidado,0,0,0,0,0,1,9.2,0
337,La rebelión del paraíso: Parte I,1,0,1,1,0,0,3.6,0
338,La leyenda del olvido,0,1,0,0,0,0,5.2,0
339,Lágrimas final,0,0,1,0,0,0,4.6,1
340,Lágrimas de la venganza mortal,0,1,0,0,0,0,7.6,0
341,Cazadores del traidor: Parte III,1,0,1,0,0,0,5.4,1
342,Ecos del tiempo,1,0,0,0,0,0,6.8,1
343,El destino del héroe siniestro,1,1,1,1,1,0,9.0,0
344,El juicio imposible,1,0,0,0,0,0,4.5,0
345,El regreso del pasado fantasma,0,0,1,0,1,1,9.3,1
346,El misterio de la libertad mortal,0,0,0,0,0,1,7.4,0
347,El último del mañana: Parte I,0,0,0,0,0,0,6.9,0
348,Lágrimas supremo,0,0,0,0,0,0,6.4,0
349,Frontera salvaje,0,1,0,0,0,0,8.2,1
350,La búsqueda eterno,0,0,1,0,1,0,7.1,1
351,Pacto de la noche,1,0,0,1,1,1,4.7,0
352,El destino de la verdad: Parte IV,0,0,1,0,0,0,4.7,1
353,Ecos del desierto: Parte IV,0,0,1,0,0,0,6.3,1
354,Luz de la venganza,1,0,1,0,0,1,7.4,1
355,La rebelión urbano,0,0,1,0,0,0,4.1,0
356,La búsqueda de la venganza urbano,0,1,0,0,0,1,6.1,0
357,Ecos de un extraño,0,0,1,0,0,0,8.8,1
358,Ecos de la noche,1,0,0,0,0,0,7.4,0
359,Crónicas del laberinto,0,0,1,1,0,0,4.3,1
360,Operación de la justicia mortal,0,0,0,0,0,1,8.7,0
361,El imperio supremo,1,0,1,0,0,0,8.1,1
362,La rebelión de la verdad: Parte III,0,0,0,0,0,0,6.9,0
363,Lágrimas del pasado: Parte I,0,0,1,1,0,0,8.9,0
364,El secreto del océano profundo,1,0,0,0,0,0,5.9,0
365,Operación de la noche secreto,1,1,1,0,0,0,3.2,0
366,Las voces del abismo ancestral,0,0,1,1,0,0,3.9,0
367,El despertar del océano,1,1,1,0,0,0,3.8,0
368,Ángeles del dragón: Parte II,0,1,1,0,0,0,4.1,1
369,Lágrimas del océano,0,0,1,0,0,1,3.9,1
370,El misterio del olvido: Parte III,0,0,1,0,0,1,3.5,0
371,El regreso de la corona oscuro,1,1,1,0,0,1,4.4,1
372,Operación de cristal prohibido,0,0,1,0,0,0,9.4,1
373,Camino de la justicia,0,0,1,0,0,0,4.1,0
374,El código del paraíso,1,0,0,0,0,0,3.8,1
375,Pacto del traidor dorado,0,0,0,0,0,0,8.2,0
376,El misterio de la venganza,0,1,1,0,0,0,6.9,1
377,Las voces del abismo,0,1,1,0,0,1,3.6,0
378,Operación de la justicia: Parte III,1,1,1,0,0,0,7.3,1
379,El código de la justicia oculto,0,0,0,0,0,0,7.0,0
380,Operación de la venganza fantasma,0,1,1,0,1,0,3.0,0
381,Crónicas inmortal,1,0,1,0,0,0,9.6,1
382,Lágrimas del paraíso vengador,0,0,1,0,0,0,3.1,1
383,El despertar absoluto,0,0,0,0,0,0,7.8,1
384,La sombra oscuro,1,1,1,0,0,0,9.8,1
385,La búsqueda del traidor: Parte I,1,0,1,0,0,0,3.1,0
386,El despertar urbano,0,1,0,0,1,0,8.4,1
387,El secreto de las estrellas prohibido,1,1,0,0,1,0,9.6,1
388,Crónicas de la libertad,1,1,1,0,0,0,8.5,0
389,La sombra de la verdad: Parte I,0,1,1,0,0,0,8.8,0
390,Las voces del océano: Parte II,0,0,1,0,0,0,8.4,1
391,El regreso invisible,0,0,0,0,0,0,8.8,1
392,Operación del héroe dorado,1,1,1,0,1,0,5.2,0
393,La búsqueda de la selva: Parte IV,1,0,1,1,0,1,6.9,1
394,El secreto vengador,0,0,1,1,1,0,5.4,1
395,La sombra siniestro,0,0,0,0,1,0,5.3,1
396,Lágrimas del infierno,0,0,0,1,0,0,6.8,1
397,Pacto silencioso,0,0,0,0,1,0,5.4,0
398,Luz del imperio: Parte II,1,1,1,1,0,1,4.0,1
399,El juicio de cristal mortal,0,0,1,0,0,1,6.5,1
400,Frontera del imperio olvidado,0,0,1,0,0,1,9.6,1
401,El misterio eterno,0,0,0,0,0,0,4.0,0
402,La leyenda de cristal: Parte II,1,0,0,0,0,0,8.8,0
403,El precio de la verdad: Parte II,1,0,1,0,0,0,6.3,0
404,El precio de la verdad,0,0,1,1,0,0,8.5,1
405,Lágrimas del laberinto,0,0,1,0,0,1,6.4,1
406,Camino del paraíso ancestral,1,0,0,1,0,0,7.1,0
407,El código del traidor absoluto,0,0,1,0,0,1,8.3,0
408,El despertar mortal,0,0,0,0,0,0,8.7,1
409,El regreso del dragón ancestral,1,0,0,0,1,1,8.1,0
410,Luz olvidado,1,1,0,0,1,0,9.7,1
411,Ecos del infierno,0,1,0,0,0,0,3.3,0
412,El secreto de la corona inmortal,0,0,0,1,0,0,5.0,0
413,El código del héroe invisible,0,0,1,0,0,0,3.4,1
414,El despertar del laberinto urbano,1,1,1,0,0,0,3.4,1
415,La leyenda del pasado: Parte III,0,0,0,0,0,0,9.4,0
416,El misterio de la justicia salvaje,0,1,1,0,0,1,9.3,0
417,La rebelión de la selva,1,0,0,0,0,1,5.0,0
418,El regreso del dragón,1,0,1,0,0,0,3.9,0
419,El código del dragón,1,1,0,0,0,0,4.4,0
420,Crónicas del paraíso,1,0,0,1,0,0,9.1,0
421,El imperio perdido,0,0,1,0,0,0,4.5,0
422,La sombra profundo,1,0,0,1,0,0,7.2,0
423,Luz oculto,0,1,0,1,0,0,8.0,0
424,La leyenda del héroe caótico,0,0,0,0,0,0,5.2,1
425,El juicio del héroe,0,0,0,0,0,0,4.2,1
426,El destino del pasado: Parte II,1,0,0,1,0,1,7.3,0
427,El destino perdido,0,0,0,0,0,0,5.7,1
428,Ángeles del mañana final,0,0,1,0,0,0,9.8,1
429,Ángeles del laberinto vengador,0,1,1,0,0,0,7.5,1
430,Frontera de la libertad: Parte IV,1,0,0,0,0,0,4.0,0
431,El precio del dragón eterno,0,1,0,1,0,0,5.0,1
432,Lágrimas de la corona,1,1,0,0,0,0,4.9,0
433,La leyenda del laberinto oscuro,1,0,1,0,0,0,3.4,1
434,Ecos secreto,0,0,0,0,0,0,5.6,1
435,La búsqueda del mañana: Parte IV,0,1,1,0,1,0,5.0,1
436,El último del abismo urbano,0,1,1,1,0,1,5.0,0
437,El secreto fantasma,1,1,1,0,0,1,7.3,1
438,La leyenda del océano: Parte IV,1,0,1,0,0,1,3.2,0
439,La rebelión de un extraño,0,0,0,1,0,0,9.0,1
440,Ángeles de la verdad dorado,0,0,0,0,0,1,4.3,0
441,El destino del desierto,0,0,0,0,0,0,6.5,0
442,Luz del héroe: Parte III,0,1,0,0,0,0,6.2,0
443,Camino del mañana vengador,1,0,0,0,0,0,7.8,0
444,Pacto de las estrellas,0,1,0,0,0,0,7.9,1
445,Camino de la noche,0,0,0,0,1,0,9.8,0
446,La rebelión eterno,1,0,0,0,0,0,8.8,1
447,Pacto de la justicia,0,1,1,0,0,0,3.7,1
448,La búsqueda de la noche: Parte IV,0,0,0,0,1,0,7.3,0
449,El misterio del paraíso: Parte II,0,1,1,1,0,0,4.6,1
450,El secreto del desierto,1,0,1,1,0,0,4.6,1
451,El juicio de la selva dorado,0,1,1,0,0,0,7.8,0
452,El secreto olvidado,1,1,0,0,0,1,9.3,0
453,La rebelión del abismo,0,0,0,0,0,0,6.1,0
454,El despertar del pasado: Parte II,0,1,0,0,0,0,8.8,0
455,El misterio de la corona: Parte III,0,1,1,0,0,0,7.4,1
456,Las voces del abismo eterno,0,0,0,0,0,0,8.2,1
457,El regreso del pasado: Parte IV,0,1,1,0,0,0,7.8,1
458,Frontera mortal,0,1,1,0,0,1,7.5,0
459,Ecos fantasma,0,0,1,0,0,0,8.2,1
460,La sombra del océano,1,0,1,0,1,0,8.2,0
461,El despertar del traidor: Parte II,0,0,0,0,1,0,8.7,0
462,Las voces olvidado,1,1,1,1,1,0,4.2,1
463,Crónicas del pasado: Parte II,0,1,1,1,0,1,5.1,1
464,Crónicas del tiempo: Parte I,1,0,1,1,0,0,6.0,1
465,El misterio de la corona,0,0,0,0,0,0,7.1,1
466,El imperio del paraíso,1,0,1,0,0,0,5.3,1
467,El precio profundo,0,1,0,0,0,1,9.4,0
468,El misterio de la verdad salvaje,1,1,0,0,0,0,9.6,0
469,Operación de la corona: Parte II,1,0,1,1,0,0,9.4,0
470,Operación de la verdad imposible,0,0,1,0,0,1,8.4,1
471,Pacto eterno,1,0,0,0,0,1,7.1,0
472,El despertar de la libertad,0,1,1,0,0,0,3.2,0
473,Luz fantasma,1,0,1,0,1,0,8.1,1
474,La búsqueda del pasado: Parte IV,0,1,1,0,0,1,6.2,0
475,El destino del abismo vengador,1,0,1,0,1,0,4.0,1
476,El secreto caótico,1,0,1,0,0,0,6.8,1
477,Pacto de cristal: Parte IV,0,0,0,0,0,0,3.1,0
478,El código del héroe: Parte II,1,0,0,1,0,1,6.6,1
479,Pacto del infierno caótico,1,0,1,0,0,0,9.5,0
480,Crónicas del mañana absoluto,1,0,1,0,0,0,3.6,0
481,El último del olvido salvaje,1,0,1,0,0,1,6.0,0
482,El código de la noche: Parte II,0,1,1,1,0,1,9.2,1
483,El misterio del océano absoluto,0,1,0,0,0,1,4.1,0
484,El secreto de la libertad invisible,0,1,1,1,0,0,7.8,0
485,El secreto del olvido: Parte I,1,1,0,0,0,0,7.9,0
486,La sombra olvidado,0,1,1,0,0,1,6.1,1
487,La rebelión del desierto,1,0,0,0,0,0,5.2,0
488,La búsqueda del pasado absoluto,1,0,1,0,0,1,6.5,0
489,El código del infierno prohibido,0,0,1,0,0,0,3.5,0
490,El código de la venganza: Parte IV,0,1,0,0,0,0,9.7,1
491,El imperio vengador,0,0,0,0,0,0,8.2,0
492,Cazadores de la libertad: Parte III,1,1,1,0,0,0,7.6,1
493,Camino de la noche eterno,0,0,0,0,0,0,7.6,0
494,Ecos de la verdad: Parte I,0,1,0,0,1,1,7.7,1
495,Pacto del tiempo,0,1,0,1,0,1,3.1,1
496,El misterio urbano,0,1,0,0,0,0,4.6,0
497,Crónicas dorado,0,0,0,0,0,0,4.7,0
498,El secreto del tiempo: Parte IV,0,0,0,0,0,0,7.3,0
499,Crónicas invisible,0,0,0,0,1,0,8.5,1
500,La búsqueda del pasado imposible,0,0,1,0,0,1,4.0,1
501,El imperio del mañana: Parte IV,1,1,1,1,0,1,7.2,0
502,Camino final,1,0,0,0,0,0,4.4,0
503,La búsqueda de sangre: Parte III,0,0,0,0,0,0,7.4,1
504,Cazadores oculto,1,1,0,0,0,0,6.8,1
505,El secreto de la justicia,1,0,0,0,0,0,6.6,0
506,Las voces del mañana: Parte IV,1,0,1,0,0,0,3.3,0
507,Camino de la libertad invisible,0,0,0,0,0,1,3.7,1
508,La búsqueda del océano silencioso,0,0,0,0,1,0,9.2,1
509,La búsqueda del héroe: Parte I,0,1,1,0,0,0,4.5,0
510,El último de la noche,0,0,0,0,0,0,4.8,0
511,El último de la venganza,1,1,1,0,0,0,9.6,1
512,El destino del traidor perdido,0,0,1,0,1,0,3.5,0
513,El regreso del océano: Parte III,0,0,0,0,0,0,8.3,0
514,Operación de la verdad ancestral,1,1,1,0,0,0,5.5,1
515,El regreso del océano absoluto,0,0,0,0,0,1,9.3,0
516,El último silencioso,0,0,1,0,0,1,3.3,0
517,Ángeles del desierto: Parte I,1,0,0,0,0,0,5.2,0
518,Camino de la verdad,0,1,0,0,1,0,4.3,1
519,El destino de la venganza,1,0,1,0,0,0,8.6,1
520,El secreto de la corona,0,0,0,0,0,0,6.3,0
521,Frontera de un extraño,0,0,0,0,0,0,6.2,0
522,El código de la verdad: Parte III,0,0,1,1,0,0,7.3,1
523,Lágrimas del olvido inmortal,1,1,0,0,0,0,8.6,1
524,El despertar de la selva: Parte I,0,0,1,0,0,0,6.7,1
525,El secreto del olvido imposible,0,0,0,0,1,0,4.5,0
526,El regreso del mañana,1,1,0,0,0,0,3.2,1
527,El regreso sagrado,0,1,1,0,0,0,9.0,1
528,El despertar de la noche,1,1,1,0,1,0,7.0,1
529,El imperio de la venganza: Parte II,0,0,1,0,0,1,7.4,1
530,La búsqueda de cristal olvidado,1,0,0,0,0,0,5.9,0
531,El precio del tiempo final,0,1,1,1,0,0,5.2,1
532,La leyenda siniestro,0,0,1,0,0,0,3.4,1
533,La sombra del dragón eterno,0,0,1,0,0,0,8.7,0
534,La rebelión del dragón: Parte IV,0,0,1,0,0,0,7.5,1
535,El misterio del infierno vengador,1,0,0,0,0,0,7.3,1
536,Ecos de la corona final,0,1,1,0,0,1,9.7,1
537,Frontera del imperio: Parte IV,0,1,1,0,1,0,3.2,1
538,El juicio silencioso,1,0,0,1,0,1,6.2,0
539,Pacto del laberinto,0,0,0,0,0,0,9.1,1
540,El misterio supremo,0,0,0,0,0,1,7.4,1
541,Operación del pasado,1,1,1,1,0,0,3.3,0
542,El secreto del héroe supremo,1,0,0,0,0,1,5.8,1
543,Frontera del abismo: Parte IV,0,0,1,0,0,0,8.5,1
544,El misterio perdido,1,1,1,0,0,0,7.2,0
545,Lágrimas dorado,0,0,0,0,1,0,4.5,1
546,Frontera absoluto,0,0,1,0,0,0,5.9,0
547,Cazadores del océano: Parte III,0,1,0,1,0,0,5.3,1
548,La rebelión del héroe: Parte II,0,1,1,0,0,0,8.0,0
549,El código del abismo profundo,1,0,0,0,0,0,8.2,1
550,La leyenda del héroe oculto,0,0,0,0,1,1,4.5,0
551,El juicio absoluto,0,0,1,0,1,0,3.5,1
552,El imperio del infierno mortal,0,1,1,0,0,0,5.3,1
553,El regreso del mañana supremo,0,1,1,0,0,1,9.2,0
554,El regreso de las estrellas,0,0,1,0,0,1,5.8,0
555,El código eterno,1,1,0,1,0,1,6.6,0
556,Camino del tiempo: Parte III,0,0,0,0,0,1,9.6,0
557,El destino de un extraño sagrado,0,0,0,0,0,0,4.0,0
558,El imperio oculto,0,1,1,0,0,0,8.1,0
559,Frontera de la libertad vengador,0,0,1,0,0,1,6.2,0
560,La sombra de la noche,0,1,0,0,1,1,4.1,1
561,La sombra del olvido,0,0,1,0,0,1,8.1,0
562,Frontera de la noche secreto,0,1,0,0,1,1,3.1,0
563,El juicio salvaje,1,1,1,0,0,0,8.3,0
564,El secreto de cristal: Parte I,0,0,0,0,0,0,3.1,1
565,El código silencioso,1,0,0,1,0,0,3.6,0
566,Ángeles urbano,0,1,0,0,0,1,4.6,1
567,El código de la verdad,1,1,1,1,1,1,5.9,1
568,Ángeles del mañana perdido,1,0,0,0,0,0,7.6,0
569,Lágrimas del desierto invisible,0,0,1,0,1,0,3.1,0
570,El despertar de la venganza,0,1,1,1,0,0,6.5,1
571,Ángeles del olvido,0,0,1,0,0,0,3.9,1
572,El precio olvidado,1,0,1,0,0,0,6.0,0
573,Lágrimas prohibido,1,1,1,0,1,1,4.9,0
574,El precio prohibido,1,0,1,1,1,0,3.7,1
575,El precio sagrado,0,0,0,0,0,1,6.6,0
576,La rebelión de la selva perdido,0,0,0,0,0,0,9.3,0
577,Camino del pasado,0,1,1,0,1,0,8.0,1
578,El último del océano oscuro,0,1,0,0,1,0,9.6,0
579,Las voces del paraíso,1,0,0,0,1,0,8.3,0
580,Crónicas perdido,0,0,1,0,1,0,3.5,1
581,Cazadores de la selva siniestro,0,0,0,1,0,1,4.5,1
582,El precio del héroe: Parte I,0,1,0,0,0,0,4.0,0
583,El regreso caótico,0,1,0,0,1,0,4.7,0
584,Cazadores de la justicia: Parte II,0,1,0,0,1,1,7.9,1
585,Lágrimas del héroe,1,0,0,0,0,0,4.5,1
586,El secreto del imperio,0,1,0,0,0,1,4.6,1
587,Frontera del pasado fantasma,1,0,1,0,0,0,7.9,0
588,Luz del mañana,0,0,0,0,0,0,7.9,0
589,El juicio secreto,0,0,1,0,0,0,7.8,1
590,El secreto del dragón: Parte I,1,1,0,0,0,1,6.9,0
591,La sombra del abismo: Parte III,1,1,1,0,0,0,6.6,0
592,El último invisible,1,0,1,0,0,0,6.7,1
593,Crónicas de la venganza,1,1,1,0,0,0,9.5,0
594,El destino de la selva prohibido,0,0,1,0,0,0,4.7,0
595,El imperio del tiempo,0,1,0,0,1,0,5.1,1
596,Luz del dragón salvaje,0,0,1,0,0,1,3.4,0
597,Cazadores del infierno: Parte II,0,1,0,0,0,0,3.2,1
598,Pacto invisible,1,0,0,0,0,0,8.2,1
599,El misterio de la corona olvidado,0,1,0,0,0,0,6.3,1
600,El destino de la justicia olvidado,1,1,0,0,0,0,5.1,0
601,El precio del abismo: Parte I,0,0,1,0,0,0,6.8,1
602,El despertar del traidor salvaje,0,0,0,1,0,1,5.1,1
603,El regreso mortal,0,0,0,0,0,0,7.4,1
604,El precio de la selva,1,1,0,0,0,0,4.9,0
605,La leyenda mortal,1,1,1,0,0,0,8.4,0
606,El despertar del paraíso,0,0,1,0,0,1,8.8,0
607,La leyenda prohibido,1,1,0,1,0,0,5.0,0
608,El precio del desierto: Parte II,1,1,0,0,0,0,3.9,1
609,La leyenda del dragón,1,0,1,0,0,0,6.6,0
610,El despertar del mañana siniestro,0,0,1,0,1,0,5.2,0
611,Operación dorado,0,1,1,0,0,0,7.5,0
612,El último del desierto: Parte III,1,1,0,0,0,0,5.9,1
613,Pacto de la libertad supremo,0,0,1,1,0,0,9.3,1
614,El precio del infierno urbano,0,0,1,0,0,1,4.2,1
615,Ecos del traidor: Parte II,1,0,0,0,0,0,6.8,0
616,El destino del dragón siniestro,0,1,0,0,0,1,6.4,1
617,Ángeles de un extraño silencioso,0,0,0,0,1,0,6.7,1
618,Crónicas oscuro,0,0,1,1,0,1,5.0,0
619,Cazadores del olvido supremo,0,0,0,0,0,1,4.3,1
620,Luz de la corona,1,0,1,0,0,0,9.5,0
621,El misterio siniestro,1,1,0,0,0,1,7.4,0
622,El juicio de la justicia salvaje,0,1,1,0,0,0,8.0,0
623,Las voces del mañana,1,0,1,0,0,0,9.2,0
624,El regreso de la corona: Parte II,0,1,0,0,0,0,9.4,1
625,Operación del pasado: Parte III,1,1,1,0,0,1,9.1,1
626,El regreso perdido,1,0,0,0,0,1,7.5,0
627,La leyenda del abismo imposible,0,0,0,0,0,0,5.7,0
628,El precio perdido,1,1,0,0,0,1,5.6,0
629,Cazadores del laberinto secreto,1,0,1,0,0,0,7.1,1
630,Frontera del traidor,1,1,0,0,1,0,8.4,1
631,El juicio dorado,0,1,0,0,0,0,5.8,1
632,Ecos del olvido: Parte I,0,1,0,0,0,0,3.1,0
633,El secreto supremo,0,0,1,0,0,0,8.4,1
634,Camino del héroe: Parte IV,1,0,1,0,0,0,3.5,0
635,El regreso oscuro,0,1,0,0,1,0,8.2,0
636,Operación siniestro,0,1,1,1,0,0,3.1,1
637,La rebelión del olvido: Parte II,0,0,0,0,0,0,4.9,1
638,El precio de la noche,1,1,0,0,0,0,9.4,1
639,El misterio de la noche,0,1,1,0,0,0,6.4,1
640,La búsqueda de las estrellas absoluto,0,0,0,0,0,0,7.3,0
641,La sombra del imperio,0,0,1,0,0,0,9.2,0
642,Luz prohibido,1,1,1,0,0,0,6.9,0
643,Ecos caótico,1,0,1,0,0,1,6.8,0
644,Frontera de la selva,0,1,1,0,0,1,7.1,1
645,El destino del tiempo,1,0,0,0,0,0,3.9,1
646,El último de sangre,0,0,0,0,0,0,7.3,0
647,El último de las estrellas,0,1,1,0,0,0,6.6,0
648,El código urbano,1,1,1,0,1,0,7.5,0
649,La rebelión de la libertad olvidado,0,0,0,1,1,0,6.2,0
650,Camino de la justicia: Parte III,0,0,1,0,0,1,7.6,0
651,El secreto del héroe,0,1,0,0,0,1,5.1,1
652,Lágrimas del abismo ancestral,0,0,0,0,0,0,6.9,1
653,Frontera imposible,0,0,1,0,0,0,7.0,1
654,El despertar profundo,0,0,1,0,0,1,4.1,0
655,Crónicas de las estrellas: Parte I,0,0,1,0,0,0,8.8,1
656,Operación de la venganza invisible,0,1,0,0,1,0,6.4,1
657,La rebelión del infierno,1,1,0,0,0,0,6.6,1
658,La leyenda inmortal,1,1,1,0,0,0,6.4,1
659,Crónicas del dragón,0,0,1,0,0,0,4.9,1
660,La sombra del traidor caótico,0,0,0,1,0,0,9.8,1
661,Luz de las estrellas: Parte III,1,1,1,1,0,1,3.2,0
662,Pacto del dragón profundo,1,0,0,0,0,0,4.4,1
663,El misterio de un extraño: Parte III,0,1,1,0,0,0,7.1,0
664,Ecos del pasado: Parte II,0,1,1,0,0,0,5.3,0
665,Camino vengador,0,0,1,1,1,0,6.7,0
666,El último del paraíso: Parte II,0,0,0,0,0,0,9.1,1
667,El destino oculto,0,0,0,0,0,1,3.1,1
668,El misterio del traidor: Parte I,1,1,1,1,0,0,5.2,0
669,El código del traidor,0,0,1,0,0,0,9.7,0
670,El misterio de un extraño,0,0,1,0,0,1,3.6,1
671,Crónicas del tiempo,1,0,1,1,0,0,3.7,1
672,El precio imposible,0,0,1,0,0,1,5.3,0
673,El regreso de la justicia,0,0,0,1,0,0,5.7,0
674,La leyenda del dragón oculto,0,0,0,0,0,1,8.5,1
675,Lágrimas del océano: Parte II,0,1,1,1,1,0,8.2,1
676,El juicio del infierno,1,0,1,0,0,1,6.2,1
677,El regreso de la selva,1,1,0,0,0,0,4.5,0
678,Las voces de la corona salvaje,1,1,1,0,0,0,6.5,0
679,Crónicas del imperio: Parte I,0,0,0,0,0,0,8.9,0
680,El último de la selva oculto,0,0,0,0,0,0,5.9,1
681,La sombra de cristal: Parte I,0,0,1,0,0,0,7.2,0
682,Ecos de cristal supremo,1,0,0,1,1,0,8.1,1
683,Cazadores de las estrellas: Parte IV,1,0,1,0,0,0,5.4,0
684,El código caótico,1,1,1,0,0,0,3.9,0
685,Pacto del olvido: Parte IV,0,0,1,0,0,0,6.2,1
686,Ecos del laberinto,0,1,0,0,0,0,7.4,0
687,Lágrimas ancestral,0,0,0,0,0,0,3.7,1
688,Lágrimas de la noche,0,0,1,0,0,0,3.2,0
689,Cazadores del héroe oculto,0,0,0,0,1,0,3.4,1
690,El juicio de las estrellas prohibido,1,0,1,0,0,0,5.9,0
691,La sombra del abismo,0,1,1,0,0,0,9.0,1
692,El último sagrado,0,0,1,0,0,0,8.8,1
693,Crónicas de la verdad caótico,1,0,0,0,0,0,6.6,1
694,Luz de la corona: Parte III,0,0,1,0,0,0,7.1,0
695,El precio del imperio: Parte II,0,1,1,0,1,0,3.4,1
696,Cazadores del héroe sagrado,0,1,1,0,1,0,6.7,1
697,El imperio del héroe,1,0,0,0,0,0,3.6,1
698,La rebelión salvaje,0,1,0,0,1,1,4.9,0
699,El misterio de la venganza: Parte III,1,1,0,1,0,0,7.5,0
700,El imperio del olvido: Parte II,0,1,1,0,1,0,3.1,1
701,El último vengador,0,0,0,0,1,1,5.5,0
702,Frontera del imperio,0,0,1,0,0,0,8.0,1
703,El destino urbano,0,0,0,0,0,0,4.4,1
704,El imperio del dragón fantasma,0,1,1,1,0,0,8.7,0
705,El código del océano: Parte I,1,0,0,0,0,0,5.4,0
706,Crónicas eterno,1,0,1,1,0,0,4.4,1
707,La rebelión de la libertad: Parte IV,0,0,0,0,0,0,3.7,1
708,Frontera fantasma,1,1,0,0,0,0,7.6,1
709,La rebelión del abismo: Parte III,0,0,0,0,0,0,4.2,0
710,Lágrimas caótico,0,0,0,0,0,0,6.8,0
711,El código del tiempo perdido,1,1,0,0,0,0,8.9,1
712,El imperio del olvido,0,1,1,0,0,0,9.4,0
713,La búsqueda del mañana: Parte III,1,1,0,0,0,1,3.1,0
714,El último de la justicia,0,0,0,0,1,0,7.0,0
715,El último prohibido,1,0,1,0,0,0,7.2,0
716,El juicio del mañana: Parte I,1,0,1,0,0,0,3.8,1
717,El último del héroe vengador,0,1,0,0,0,1,7.3,1
718,Lágrimas del océano final,0,0,1,0,0,0,6.0,1
719,Frontera de la selva prohibido,0,0,0,0,1,1,6.5,0
720,El regreso del dragón vengador,1,1,1,0,1,0,8.3,1
721,Las voces del océano caótico,1,0,1,0,0,0,7.8,1
722,Ecos imposible,0,1,0,1,1,0,3.5,1
723,Ecos perdido,0,0,1,0,0,0,9.0,0
724,La sombra del tiempo,0,1,1,1,0,1,5.7,0
725,El precio del héroe: Parte IV,0,1,1,0,1,0,4.7,1
726,Crónicas secreto,0,1,1,0,0,1,8.6,0
727,El destino mortal,0,0,0,0,0,0,5.0,0
728,El juicio del tiempo: Parte III,1,0,1,0,1,0,8.2,0
729,La rebelión invisible,0,1,1,0,0,1,6.3,0
730,Frontera del dragón,1,1,1,0,0,0,4.3,0
731,La leyenda imposible,1,0,0,0,0,1,3.1,0
732,Ecos de la justicia silencioso,0,1,0,0,0,0,6.2,0
733,El regreso del infierno caótico,1,0,0,0,0,1,3.2,0
734,El imperio de la corona silencioso,0,0,0,0,0,1,7.8,0
735,Crónicas urbano,1,0,1,0,0,1,7.8,0
736,El código dorado,1,1,0,0,0,0,5.0,0
737,El regreso del paraíso,1,1,1,0,1,0,3.6,1
738,La leyenda secreto,0,1,0,0,0,0,9.4,1
739,Operación de un extraño,0,0,1,0,1,0,3.5,0
740,El precio de la justicia: Parte III,0,0,1,1,0,0,7.4,0
741,Operación sagrado,0,0,1,0,0,0,4.6,0
742,Las voces secreto,0,1,1,0,0,0,6.4,1
743,Camino del infierno oculto,1,0,0,0,0,0,8.3,0
744,La leyenda vengador,0,1,0,1,0,1,7.6,0
745,Pacto de la verdad: Parte I,1,0,1,0,0,1,4.3,1
746,La leyenda del pasado: Parte II,0,0,0,1,0,0,8.5,1
747,Camino del tiempo silencioso,1,0,0,1,0,1,8.3,0
748,Crónicas del océano,0,1,0,0,0,0,7.8,1
749,La sombra fantasma,1,1,1,0,0,0,9.8,1
750,Frontera final,1,0,1,0,0,1,7.2,1
751,Ángeles del héroe: Parte IV,0,0,1,1,0,0,9.8,1
752,Pacto final,0,1,0,0,0,0,5.8,1
753,Luz del mañana salvaje,1,0,0,0,0,0,7.5,0
754,La búsqueda de la verdad: Parte II,0,0,0,0,1,0,6.5,1
755,Frontera de la justicia fantasma,0,0,1,0,0,1,9.7,0
756,Luz del dragón: Parte IV,0,0,1,0,0,1,6.0,0
757,Lágrimas siniestro,1,0,1,0,0,0,6.6,1
758,El regreso de la libertad: Parte IV,0,1,0,0,0,0,3.6,0
759,El secreto dorado,0,1,1,0,0,0,8.5,0
760,La sombra del desierto,0,0,1,1,0,0,5.2,1
761,Crónicas oculto,0,0,0,0,0,0,7.1,0
762,El misterio del laberinto inmortal,0,1,1,1,0,0,6.7,1
763,Operación perdido,1,0,1,1,0,1,4.3,1
764,Las voces supremo,0,1,1,1,0,1,3.7,1
765,El secreto de la verdad,1,1,0,0,0,0,4.5,1
766,La búsqueda de las estrellas: Parte III,0,0,0,0,0,0,9.6,0
767,La leyenda del infierno,0,1,0,0,0,1,9.2,0
768,Ángeles de la justicia,0,0,0,1,0,0,3.1,1
769,El secreto de sangre: Parte I,0,0,0,0,0,1,5.5,0
770,La sombra sagrado,1,0,1,0,0,1,9.7,0
771,Pacto de cristal: Parte III,1,1,0,0,0,1,5.4,0
772,El despertar invisible,0,1,0,0,0,0,3.8,0
773,La leyenda de la selva: Parte II,1,0,0,0,1,0,7.9,0
774,El juicio de la selva: Parte III,0,1,1,0,0,1,8.9,1
775,Frontera del héroe,1,0,1,0,0,0,5.2,1
776,Lágrimas del tiempo siniestro,1,0,0,1,1,0,4.8,1
777,La leyenda de cristal,0,1,0,0,0,0,6.9,0
778,La rebelión del paraíso: Parte III,1,0,1,1,0,0,9.3,0
779,Ecos sagrado,0,1,1,0,0,1,3.4,0
780,La sombra de las estrellas mortal,0,0,1,0,0,0,6.7,0
781,Crónicas del dragón: Parte I,0,0,0,0,0,0,6.8,1
782,El imperio inmortal,0,0,1,1,0,0,7.3,0
783,Cazadores del mañana,0,0,1,0,0,1,3.3,0
784,El juicio del desierto,1,0,1,1,0,0,4.2,0
785,El código del imperio: Parte II,0,1,0,1,0,0,5.6,0
786,Las voces de la venganza: Parte III,0,0,0,0,0,0,5.8,1
787,El último del infierno olvidado,0,1,1,0,0,0,8.7,1
788,La rebelión del olvido: Parte I,1,1,0,1,0,0,3.2,1
789,El juicio de las estrellas perdido,1,1,0,0,0,0,5.0,1
790,Frontera de las estrellas: Parte IV,0,0,1,0,0,0,4.2,1
791,Pacto del tiempo fantasma,1,0,1,1,0,0,6.6,1
792,Lágrimas de las estrellas,0,1,1,0,0,1,7.7,1
793,La sombra del infierno,0,0,0,0,0,0,8.4,1
794,El misterio de la libertad,1,0,1,1,0,1,7.7,0
795,Pacto dorado,1,1,0,0,0,0,4.5,1
796,El juicio de sangre: Parte II,1,1,0,0,0,0,3.2,0
797,Ecos eterno,0,1,1,1,0,0,3.1,1
798,La leyenda del héroe,0,0,0,0,0,0,8.2,1
799,Operación de la verdad: Parte II,1,0,1,0,0,1,4.1,0
800,El secreto del olvido: Parte III,0,0,0,0,1,0,4.8,0
801,Ecos olvidado,0,1,0,0,0,1,9.0,1
802,Las voces fantasma,1,0,0,0,1,0,9.6,0
803,Cazadores del traidor oscuro,0,0,1,0,0,0,7.0,0
804,La búsqueda del abismo,1,0,0,0,0,0,9.1,1
805,La búsqueda del traidor,0,0,1,0,0,0,8.4,1
806,Crónicas de la venganza dorado,0,1,1,0,0,0,6.3,0
807,Ángeles del olvido inmortal,0,1,1,1,0,1,7.4,0
808,El juicio del desierto olvidado,0,1,0,0,0,0,5.3,1
809,El secreto de la venganza urbano,0,0,1,1,0,1,9.5,0
810,El secreto de la noche oculto,0,0,1,0,0,0,8.7,0
811,El destino de cristal ancestral,1,0,1,0,0,0,7.4,0
812,El regreso del imperio: Parte II,1,1,1,0,0,1,7.5,1
813,El misterio final,0,0,1,0,0,0,9.7,1
814,La rebelión vengador,0,1,0,0,0,0,3.5,0
815,Cazadores profundo,1,0,0,0,0,1,3.8,0
816,Luz del océano,0,1,1,1,0,0,4.9,1
817,Ecos del desierto: Parte III,0,1,0,0,0,0,9.0,1
818,Cazadores dorado,0,0,1,1,1,0,7.5,1
819,Frontera del océano,1,0,1,0,0,0,5.3,0
820,Cazadores del imperio secreto,1,0,1,0,0,1,9.3,1
821,Lágrimas de la selva,1,0,1,1,0,1,9.5,0
822,El juicio del pasado: Parte II,0,0,0,0,0,1,7.2,1
823,Frontera del laberinto fantasma,0,0,1,0,1,0,8.3,1
824,Frontera de cristal,0,0,1,0,0,0,6.5,1
825,Cazadores de un extraño,1,0,1,0,0,0,5.9,0
826,Las voces sagrado,0,1,0,0,1,0,9.5,0
827,Camino del océano perdido,0,0,0,0,0,0,5.9,0
828,La leyenda de las estrellas: Parte II,0,0,0,0,0,1,7.7,0
829,La leyenda del tiempo: Parte IV,0,0,1,0,0,0,3.8,1
830,El secreto del mañana: Parte IV,1,0,1,1,0,1,3.5,0
831,El código del pasado oculto,0,1,0,0,0,0,7.3,0
832,El despertar del dragón vengador,1,0,1,0,0,0,4.4,1
833,Lágrimas de la libertad,1,1,0,0,0,0,8.6,0
834,Camino del imperio: Parte III,0,0,1,1,0,0,3.5,0
835,El juicio del héroe: Parte I,1,0,1,0,0,0,7.1,0
836,El juicio del infierno: Parte III,1,1,0,1,0,0,8.6,0
837,El despertar de la libertad: Parte II,1,0,0,0,0,0,3.8,1
838,El juicio de la corona oscuro,1,1,0,0,0,1,8.9,0
839,Frontera dorado,1,1,1,0,0,0,3.4,0
840,El imperio de sangre,1,0,0,0,1,0,7.1,0
841,El precio de la libertad olvidado,0,0,1,0,1,1,9.6,0
842,La búsqueda dorado,1,1,1,0,0,1,6.0,0
843,Pacto del dragón,0,1,1,0,0,0,4.7,1
844,Crónicas de la justicia profundo,1,1,1,1,0,1,4.5,0
845,Ángeles prohibido,0,0,0,0,0,1,4.9,0
846,Ecos del desierto,0,0,0,1,0,0,3.4,1
847,Operación del dragón,0,1,1,1,0,0,9.6,0
848,Frontera del desierto,1,0,1,0,0,0,4.6,1
849,El destino del imperio caótico,0,0,1,0,0,1,6.7,1
850,El misterio del traidor inmortal,1,0,0,1,0,0,4.2,0
851,El último final,0,0,0,0,0,0,8.8,1
852,El despertar de la verdad,0,0,0,0,0,0,7.9,1
853,Las voces de un extraño olvidado,1,0,1,0,0,0,4.2,0
854,Las voces del desierto dorado,0,1,0,1,0,1,7.8,0
855,La rebelión olvidado,0,1,1,0,0,0,6.0,0
856,Cazadores de la venganza: Parte I,1,1,0,1,0,0,5.4,1
857,La rebelión del imperio,1,0,1,0,1,0,7.5,0
858,Pacto de la venganza,0,1,0,0,0,1,6.5,0
859,Cazadores de cristal prohibido,1,0,0,0,0,0,3.6,0
860,El misterio del dragón siniestro,0,0,1,0,1,0,5.3,1
861,El secreto de la noche,0,1,0,0,0,1,6.1,0
862,El secreto del desierto supremo,1,0,0,1,0,0,6.5,1
863,El imperio del imperio,1,0,0,0,0,0,9.0,1
864,Operación del traidor profundo,1,0,0,0,0,0,9.0,0
865,El imperio de la libertad: Parte III,0,1,0,0,0,0,3.5,1
866,El imperio de un extraño: Parte II,0,1,1,1,0,0,3.7,0
867,La leyenda del héroe: Parte II,0,0,0,0,0,0,5.5,1
868,El imperio del mañana dorado,0,0,1,0,0,0,6.6,0
869,El código de la selva final,0,1,0,0,0,0,4.5,0
870,La búsqueda de la noche,0,0,1,1,0,0,5.4,1
871,Operación fantasma,0,0,0,0,0,0,9.0,0
872,El despertar del tiempo caótico,1,1,1,0,0,0,5.0,1
873,El último fantasma,0,0,0,0,0,0,4.4,0
874,La búsqueda imposible,0,1,1,0,0,0,4.2,0
875,Ángeles imposible,0,1,0,0,0,0,5.8,0
876,La leyenda del paraíso imposible,0,1,0,0,0,0,4.6,1
877,Luz del abismo: Parte II,0,0,0,0,0,0,4.4,0
878,El misterio del desierto: Parte I,0,0,1,1,0,0,3.3,0
879,Camino oculto,0,0,0,0,1,0,9.1,0
880,Las voces prohibido,0,0,0,0,0,1,5.8,0
881,Operación del océano,1,1,1,0,0,1,5.5,0
882,El código siniestro,0,1,0,0,1,1,5.8,0
883,Lágrimas de sangre final,0,0,1,1,0,0,6.5,1
884,El secreto del dragón supremo,0,0,0,0,0,0,4.1,1
885,El imperio de la libertad,1,0,1,0,0,0,9.0,1
886,La rebelión del paraíso final,0,1,0,0,0,0,5.4,0
887,Ángeles de la noche: Parte IV,0,1,0,0,1,0,3.3,1
888,Ángeles de la noche urbano,1,1,1,0,0,0,5.5,0
889,Luz del imperio,0,0,0,0,0,0,9.7,1
890,El imperio del desierto sagrado,0,1,0,0,0,1,8.8,1
891,Crónicas de las estrellas,0,1,1,0,1,0,9.5,0
892,El secreto sagrado,1,1,1,0,0,1,7.8,0
893,La búsqueda de un extraño profundo,1,0,0,0,1,0,4.3,0
894,El secreto secreto,0,1,1,1,1,0,7.0,0
895,El misterio del océano mortal,1,0,1,1,0,1,4.7,0
896,La sombra de la libertad ancestral,0,1,1,0,0,0,3.2,0
897,El misterio del mañana,1,0,0,0,0,1,3.3,0
898,El precio de la verdad siniestro,1,0,1,1,0,0,6.4,0
899,La sombra del laberinto: Parte IV,0,1,0,1,1,0,3.9,1
900,Ecos profundo,0,1,1,0,0,0,3.0,0
901,El despertar ancestral,0,0,1,0,1,0,8.4,0
902,La búsqueda del dragón,0,0,0,0,0,0,4.0,0
903,El regreso del pasado: Parte I,0,1,0,0,0,0,3.3,0
904,Pacto del abismo vengador,0,0,1,0,0,0,7.6,0
905,El último del pasado,1,0,1,0,0,0,7.1,0
906,El secreto de la corona oscuro,0,1,0,0,0,0,5.2,1
907,Las voces siniestro,1,0,1,0,0,0,6.9,0
908,Operación del laberinto oscuro,0,0,1,0,0,1,6.2,0
909,Las voces ancestral,0,1,0,0,0,0,6.0,1
910,Lágrimas de la justicia final,0,1,0,0,0,0,4.5,0
911,Lágrimas inmortal,0,0,0,0,0,0,3.5,0
912,El despertar del olvido,1,1,1,1,0,0,4.7,1
913,La sombra del imperio secreto,0,1,1,1,0,1,6.6,0
914,El destino de cristal,0,0,1,1,0,0,5.8,1
915,El último del mañana,0,0,0,0,1,0,3.4,0
916,El regreso del océano,1,1,0,0,0,0,9.8,1
917,Ecos vengador,1,0,0,1,0,0,8.6,0
918,Camino del pasado eterno,1,1,0,0,0,0,3.3,0
919,Ecos de la verdad: Parte IV,0,1,1,1,0,0,7.0,1
920,Ángeles secreto,0,0,1,0,0,0,6.6,0
921,Las voces del laberinto: Parte IV,0,1,1,0,0,0,9.0,0
922,Lágrimas de la venganza: Parte I,0,1,1,0,0,1,9.8,0
923,Operación de las estrellas: Parte I,0,0,1,0,0,0,8.6,1
924,El despertar de un extraño invisible,0,1,0,0,0,1,7.1,1
925,Lágrimas del paraíso,0,1,1,1,0,0,8.5,1
926,La búsqueda de la selva: Parte I,0,1,1,0,0,1,3.8,1
927,El imperio del mañana: Parte I,1,1,1,0,0,0,6.9,1
928,El secreto del olvido fantasma,0,1,0,0,0,0,7.1,0
929,Pacto mortal,0,0,0,0,0,0,9.7,1
930,Ecos de la venganza: Parte I,1,0,0,0,0,0,4.8,1
931,Las voces del traidor: Parte I,1,0,1,0,1,0,7.4,0
932,La sombra del traidor,0,0,0,0,0,0,8.7,0
933,La búsqueda del imperio olvidado,1,0,1,0,0,0,7.5,0
934,El destino fantasma,0,0,1,0,0,1,3.1,1
935,El despertar del laberinto ancestral,0,0,1,0,0,1,9.7,0
936,El destino del desierto: Parte II,0,0,0,0,0,0,6.7,1
937,El código del laberinto: Parte I,0,0,1,1,0,0,6.8,0
938,El juicio de un extraño secreto,0,0,0,0,0,0,5.9,0
939,El secreto del imperio: Parte I,1,0,1,0,0,0,6.1,0
940,La búsqueda salvaje,1,0,1,0,0,0,6.0,1
941,El juicio siniestro,0,1,1,1,0,0,8.8,1
942,Camino de sangre perdido,0,1,0,1,0,0,6.6,0
943,El código imposible,0,1,1,0,1,0,5.7,1
944,El juicio vengador,0,1,0,0,0,0,7.8,0
945,Lágrimas del tiempo,0,0,1,0,0,0,6.8,1
946,La sombra del abismo olvidado,0,0,0,0,0,0,4.5,0
947,Ángeles de la verdad ancestral,1,0,1,0,1,0,6.6,1
948,El código del imperio mortal,0,0,0,0,0,1,7.7,1
949,Pacto del imperio supremo,0,0,0,0,0,0,7.0,1
950,El regreso de la libertad siniestro,0,1,0,0,0,0,3.4,1
951,Operación del héroe: Parte II,1,0,0,1,0,0,4.5,0
952,Operación del mañana,0,0,1,0,0,1,5.6,0
953,La leyenda de la corona urbano,0,1,0,0,0,1,9.5,0
954,Las voces de un extraño fantasma,0,1,1,0,0,0,5.0,1
955,Frontera perdido,0,0,1,0,0,1,8.3,0
956,El último absoluto,0,0,0,0,0,0,9.4,0
957,El juicio mortal,0,0,1,1,1,0,3.8,1
958,El código de la venganza siniestro,0,1,0,0,0,0,8.9,0
959,La búsqueda perdido,1,1,1,0,1,0,5.0,1
960,El destino del imperio ancestral,0,0,1,0,0,1,6.6,1
961,Pacto urbano,0,0,0,0,0,0,5.5,1
962,El último del traidor vengador,0,1,1,1,0,0,5.1,0
963,El regreso dorado,0,0,1,0,1,0,9.1,1
964,El despertar del océano: Parte II,1,0,1,0,1,0,9.7,0
965,Operación del infierno perdido,0,1,1,0,0,0,5.0,0
966,La leyenda de un extraño supremo,0,0,0,0,0,0,7.2,1
967,Ángeles del héroe: Parte II,0,0,1,1,0,0,7.2,1
968,La leyenda de la venganza mortal,0,0,0,1,0,1,4.2,1
969,La sombra del abismo: Parte IV,1,1,1,1,0,1,7.8,0
970,El precio del desierto absoluto,0,0,1,0,0,1,3.7,0
971,El último de la noche secreto,0,0,0,0,0,0,5.1,0
972,La rebelión del imperio: Parte III,1,0,1,0,0,0,3.2,1
973,El código del traidor: Parte I,1,0,0,0,0,0,3.0,0
974,Ecos del héroe,0,0,1,0,0,0,8.1,1
975,Crónicas del olvido,0,0,0,0,0,0,8.3,1
976,El precio de la libertad invisible,1,0,1,0,0,0,4.0,0
977,El último de un extraño,0,1,0,0,0,1,5.2,1
978,Luz de la justicia: Parte II,1,1,0,1,0,0,9.0,1
979,Frontera del infierno dorado,1,0,0,1,0,0,8.8,0
980,Ángeles inmortal,0,0,1,1,0,0,9.7,1
981,La búsqueda de cristal silencioso,1,0,1,0,0,0,4.9,1
982,El último del paraíso: Parte IV,0,1,0,1,0,0,4.6,1
983,El código del paraíso mortal,0,0,1,0,1,0,4.0,0
984,Frontera del olvido: Parte I,0,1,0,0,0,1,7.9,0
985,La rebelión del dragón mortal,0,1,0,0,0,0,3.1,1
986,El regreso de cristal,0,0,1,0,0,0,7.6,0
987,El destino del desierto: Parte IV,0,0,0,1,0,0,4.3,1
988,El último de la libertad: Parte IV,0,1,1,0,0,0,5.7,1
989,Ángeles del imperio sagrado,1,1,1,1,0,0,3.9,0
990,El código del laberinto,0,1,1,0,0,0,4.4,1
991,El regreso de la noche: Parte I,1,1,1,0,0,1,9.0,0
992,El juicio del paraíso: Parte III,0,1,0,1,1,1,4.2,1
993,El juicio del pasado,0,1,1,0,0,0,8.6,1
994,Ángeles del laberinto: Parte IV,1,1,1,1,0,0,3.7,1
995,El código del desierto,0,0,0,0,0,0,7.9,0
996,El precio de la corona: Parte I,0,0,1,0,1,0,6.6,0
997,Las voces del mañana sagrado,1,0,0,0,0,0,3.9,0
998,La leyenda de la justicia,0,0,1,1,0,0,6.1,1
999,El secreto de sangre profundo,0,1,1,0,0,0,5.3,0
1000,Frontera oculto,0,0,1,0,0,0,5.9,0
